Userid_1,FirstName_1,LastName_1,emailAddress,BlueRole
000001,FirstName 1,LastName 1,user1@test.org,3
000002,FirstName 2,LastName 2,user2@test.org,23
000003,FirstName 3,LastName 3,user3@test.org,23
000004,FirstName 4,LastName 4,user4@test.org,3
000005,FirstName 5,LastName 5,user5@test.org,3
000006,FirstName 6,LastName 6,user6@test.org,3
000007,FirstName 7,LastName 7,user7@test.org,3
000008,FirstName 8,LastName 8,user8@test.org,3
000009,FirstName 9,LastName 9,user9@test.org,3
0000010,FirstName 10,LastName 10,user10@test.org,3
0000011,FirstName 11,LastName 5,user5@test.org,3
0000012,FirstName 12,LastName 6,user6@test.org,3
0000013,FirstName 13,LastName 7,user7@test.org,3
0000014,FirstName 14,LastName 8,user8@test.org,3
0000015,FirstName 15,LastName 9,user9@test.org,3
0000016,FirstName 116,LastName 10,user10@test.org,3